{"cameraMode":{"drawMode":0,"name":"Shaded","section":"Shading Mode"},"sceneLighting":true,"audioPlay":false,"sceneViewState":{"m_AlwaysRefresh":false,"showFog":true,"showSkybox":true,"showFlares":true,"showImageEffects":true,"showParticleSystems":true,"showVisualEffectGraphs":true,"m_FxEnabled":true},"in2DMode":false,"pivot":{"x":1.930826187133789,"y":1.217100739479065,"z":0.830228328704834},"rotation":{"x":-0.037446022033691409,"y":0.13657093048095704,"z":-0.005166162271052599,"w":-0.989912211894989},"size":2.4073948860168459,"orthographic":false}